district_name,threat_level,vulnerability_score,evacuation_priority,primary_risk_driver,dispatch_actions_count,primary_dispatch_action,lifeline_impact_summary,public_advisory_en,advisory_hindi,advisory_bengali
South 24 Parganas,CRITICAL,96.4,1,Healthcare & Hospital Inundation,3,Deploy 12 motorized inflatable deep-draft rescue craft to evacuate stranded villagers along submerged highway.,"4 of 11 hospitals inundated, 4 of 10 shelters waterlogged, and 20.6 km of primary arterial highway submerged under saltwater surge.","URGENT RED ALERT FOR SOUTH 24 PARGANAS: Cyclone REMAL Landfall with 3.56m Storm Surge
Catastrophic saltwater inundation is severing SH-3 Basanti Highway. 4 hospitals and 4 multi-purpose cyclone shelters are flooded. Immediate evacuation ordered for all low-lying Sundarbans blocks (Gosaba, Basanti, Kultali, Sagar, Patharpratima). Do not attempt vehicular transit along Basanti Highway.
Lifelines: 4 of 11 hospitals inundated, 4 of 10 shelters waterlogged, and 20.6 km of primary arterial highway submerged under saltwater surge.","दक्षिण 24 परगना के लिए अति-गंभीर लाल चेतावनी: चक्रवात REMAL और 3.56 मीटर तूफानी ज्वार
सुंदरबन के निचले तटीय क्षेत्रों में भारी समुद्री ज्वार घुस चुका है। बसंती हाईवे (SH-3) 20.6 किमी जलमग्न होकर कट चुका है। 4 अस्पतालों और 4 चक्रवात आश्रयों में बाढ़ का पानी भर गया है। गोसाबा, बसंती, सागर द्वीप और काकद्वीप के सभी नागरिकों से तत्काल सुरक्षित पक्के आश्रयों में जाने का आग्रह किया जाता है।
आवश्यक सूचना: दक्षिण 24 परगना में सभी नागरिक सतर्क रहें और प्रशासन के निर्देशों का पालन करें।","জরুরি লাল সতর্কতা — দক্ষিণ ২৪ পরগনা: ঘূর্ণিঝড় REMAL-এর কারণে ৩.৫৬ মিটার মারাত্মক জলোচ্ছ্বাস
ক্যানিং ও বাসন্তী হাইওয়ে (SH-3) ২০.৬ কিমি নোনা জলে প্লাবিত হয়ে যোগাযোগ বিচ্ছিন্ন। ৪টি হাসপাতাল ও ৪টি বহুমুখী ঘূর্ণিঝড় আশ্রয়কেন্দ্রে জল ঢুকেছে। গোসাবা, বাসন্তী, কুলতলি, পাথরপ্রতিমা ও সাগর দ্বীপের নিম্নাঞ্চলের সমস্ত বাসিন্দাদের অবিলম্বে নিকটস্থ সুরক্ষিত পাকা আশ্রয়ে সরে যাওয়ার নির্দেশ দেওয়া হচ্ছে। জলপথে চলাচলে সতর্কতা বজায় রাখুন।
জরুরি পরামর্শ: দক্ষিণ ২৪ পরগনা জেলা প্রশাসনের কন্ট্রোল রুমে যোগাযোগ করুন এবং নিরাপদ আশ্রয়ে অবস্থান করুন।"
Satkhira,CRITICAL,91.2,1,Arterial Road Severance & Highway Cut-Offs,3,Deploy 12 motorized inflatable deep-draft rescue craft to evacuate stranded villagers along submerged highway.,"1 of 3 hospitals inundated, 2 of 5 shelters waterlogged, and 19.0 km of primary arterial highway submerged under saltwater surge.","CRITICAL EVACUATION DIRECTIVE FOR SATKHIRA: Cyclone REMAL Storm Surge Breach
R760 arterial highway is severed over 19.0 km. Shyamnagar Upazila Health Complex and 2 major cyclone shelters are waterlogged under 3.5m tidal surge. Immediate boat evacuation underway for Gabura, Padmapukur, and Burigoalini unions.
Lifelines: 1 of 3 hospitals inundated, 2 of 5 shelters waterlogged, and 19.0 km of primary arterial highway submerged under saltwater surge.","सातखीरा जिले के लिए आपातकालीन चेतावनी: चक्रवात REMAL द्वारा तटबंध टूटने की आशंका
आर-760 राजमार्ग 19.0 किमी तक खारे पानी में डूब चुका है। श्यामनगर अस्पताल और 2 चक्रवात केंद्र प्रभावित हैं। गाबुरा और पद्मापुकुर के निवासियों को नावों द्वारा सुरक्षित ऊंचे स्थानों पर तुरंत स्थानांतरित किया जा रहा है।
आवश्यक सूचना: सातखीरा में सभी नागरिक सतर्क रहें और प्रशासन के निर्देशों का पालन करें।","মহাবিপদ সংকেত — সাতক্ষীরা জেলা: ঘূর্ণিঝড় REMAL-এর বিধ্বংসী জলোচ্ছ্বাস
আর৭৬০ আঞ্চলিক মহাসড়কের ১৯.০ কিমি অংশ সম্পূর্ণ নিমজ্জিত। শ্যামনগর উপজেলা স্বাস্থ্য কমপ্লেক্স এবং ২টি আশ্রয়কেন্দ্রে জল প্রবেশ করেছে। গাবুরা, পদ্মপুকুর ও বুড়িগোয়ালিনী ইউনিয়নের সকলকে অবিলম্বে দ্রুত নৌযানে করে পাকা সাইক্লোন শেল্টারে আশ্রয় নিতে নির্দেশ দেওয়া হচ্ছে।
জরুরি পরামর্শ: সাতক্ষীরা জেলা প্রশাসনের কন্ট্রোল রুমে যোগাযোগ করুন এবং নিরাপদ আশ্রয়ে অবস্থান করুন।"
North 24 Parganas,HIGH,68.5,2,Healthcare & Hospital Inundation,2,"Pre-stage heavy bulldozers, tree cutters, and hydraulic cranes every 15 km to clear tree obstructions for medical convoys.",Lifeline facilities structurally intact but 4 hospitals and 2 shelters exposed to core hurricane gusts (>48 kts) with high risk of road debris obstruction.,"HIGH RISK ALERT FOR NORTH 24 PARGANAS: Severe Hurricane Winds Exceeding 48 Knots
Extensive tree falls and downed 33kV power transmission lines are severely obstructing SH-2. Trauma centers must switch to standby diesel power. Ambulances must follow heavy bulldozer escorts.
Lifelines: Lifeline facilities structurally intact but 4 hospitals and 2 shelters exposed to core hurricane gusts (>48 kts) with high risk of road debris obstruction.","उत्तर 24 परगना के लिए उच्च जोखिम चेतावनी: 48 समुद्री मील से अधिक तूफानी हवाएं
राज्य राजमार्ग-2 पर पेड़ों और बिजली के खंभों के गिरने का भारी खतरा है। सभी एम्बुलेंस और राहत दल बुलडोजर एस्कॉर्ट के साथ ही आगे बढ़ें। अस्पतालों में बैकअप जनरेटर चालू रखें।
आवश्यक सूचना: उत्तर 24 परगना में सभी नागरिक सतर्क रहें और प्रशासन के निर्देशों का पालन करें।","উচ্চ ঝুঁকি সতর্কতা — উত্তর ২৪ পরগনা: ঘণ্টায় ৯০ কিমি বেগে বিধ্বংসী ঝড়ো হাওয়া
এসএইচ-২ (হাসনাবাদ-হিঙ্গলগঞ্জ) মহাসড়কে গাছ ও বিদ্যুতের খুঁটি ভেঙে পড়ার প্রবল আশঙ্কা। হিঙ্গলগঞ্জ ও বসিরহাটের জরুরি স্বাস্থ্যকেন্দ্রগুলিতে বিকল্প ডিজেল জেনারেটর চালু রাখার নির্দেশ। ভারী যান চলাচল নিয়ন্ত্রিত থাকবে।
জরুরি পরামর্শ: উত্তর ২৪ পরগনা জেলা প্রশাসনের কন্ট্রোল রুমে যোগাযোগ করুন এবং নিরাপদ আশ্রয়ে অবস্থান করুন।"
Khulna,HIGH,61.2,2,Cyclone Shelter Deficit & Inundation,2,"Pre-stage heavy bulldozers, tree cutters, and hydraulic cranes every 15 km to clear tree obstructions for medical convoys.",Lifeline facilities structurally intact but 2 hospitals and 0 shelters exposed to core hurricane gusts (>48 kts) with high risk of road debris obstruction.,"HIGH SEVERITY ADVISORY FOR KHULNA: Polder Embankment Overtopping & Gale Winds
Severe shelter deficit in riverine delta unions. Heavy gale winds (>48 kts) impacting Dacope and Koyra. Reinforce earthen dykes with geotextile bags and relocate riverbank families.
Lifelines: Lifeline facilities structurally intact but 2 hospitals and 0 shelters exposed to core hurricane gusts (>48 kts) with high risk of road debris obstruction.","खुलना के लिए उच्च जोखिम चेतावनी: तटबंधों पर पानी का तेज दबाव
दाकोप और कोयरा क्षेत्रों में तटबंधों पर अत्यधिक दबाव है। निचले क्षेत्रों के परिवारों को तुरंत बहुउद्देश्यीय चक्रवात आश्रयों में पहुंचाया जाए।
आवश्यक सूचना: खुलना में सभी नागरिक सतर्क रहें और प्रशासन के निर्देशों का पालन करें।","জরুরি সতর্কবার্তা — খুলনা জেলা: দাকোপ ও কয়রায় বাঁধ উপচে পড়ার ঝুঁকি
দাকোপ ও কয়রা উপজেলায় আশ্রয়কেন্দ্রের স্বল্পতার কারণে নদী তীরের বাসিন্দাদের অবিলম্বে পাকা বিদ্যালয় ও প্রশাসনিক ভবনে নিরাপদ আশ্রয়ে নিয়ে আসার নির্দেশ দেওয়া হচ্ছে। জিওব্যাগ দিয়ে বাঁধ সংস্কার কাজ জোরদার করুন।
জরুরি পরামর্শ: খুলনা জেলা প্রশাসনের কন্ট্রোল রুমে যোগাযোগ করুন এবং নিরাপদ আশ্রয়ে অবস্থান করুন।"
Bagerhat,MODERATE,44.8,3,Arterial Road Severance & Highway Cut-Offs,1,"Inspect high-tide flap valves, pump stations, and reinforce weakened river bunds with sandbags.",Localized wind exposure and drainage canal waterlogging; all 0 hospitals and 1 shelters remain operational.,"MODERATE HAZARD WATCH FOR BAGERHAT: High Winds & Sluice Gate Waterlogging
Operational facilities intact but gale winds approaching 45 kts along Mongla Port corridor. Monitor drainage sluice gates and secure fishing vessels in sheltered bayous.
Lifelines: Localized wind exposure and drainage canal waterlogging; all 0 hospitals and 1 shelters remain operational.","बागेरहाट के लिए मध्यम जोखिम सलाह: मोंगला बंदरगाह क्षेत्र में तेज हवाएं
मोंगला पोर्ट और शरणखोला में तेज हवाओं को देखते हुए सभी नौकाओं को सुरक्षित बांधें तथा जलनिकासी फाटकों की निगरानी रखें।
आवश्यक सूचना: बागेरहाट में सभी नागरिक सतर्क रहें और प्रशासन के निर्देशों का पालन करें।","সতর্কতা পরামর্শ — বাগেরহাট: মোংলা বন্দর ও শরণখোলা উপকূল
মোংলা পোর্ট ও শরণখোলা অঞ্চলে তীব্র বাতাস ও জোয়ারের কারণে ড্রেনেজ সুইস গেট তদারকিতে রাখুন। সকল নৌযান নিরাপদে নোঙর করে রাখুন।
জরুরি পরামর্শ: বাগেরহাট জেলা প্রশাসনের কন্ট্রোল রুমে যোগাযোগ করুন এবং নিরাপদ আশ্রয়ে অবস্থান করুন।"
Purba Medinipur,LOW,24.5,4,Healthcare & Hospital Inundation,1,Maintain clear staging lanes for inter-district humanitarian relief convoys moving toward Priority 1 zones.,Peripheral peripheral exposure; all arterial transport corridors and healthcare facilities operating under normal conditions.,"LOW THREAT ADVISORY FOR PURBA MEDINIPUR: Coastal Marine Advisory & High Sea Swells
District lies along western fringe of storm track. Digha sea front promenade closed to tourists. Arterial highways remain fully open for inter-district relief convoys.
Lifelines: Peripheral peripheral exposure; all arterial transport corridors and healthcare facilities operating under normal conditions.","पूर्व मेदिनीपुर के लिए सामान्य निगरानी सलाह: दीघा तट पर ऊंची समुद्री लहरें
दीघा समुद्र तट पर पर्यटकों की आवाजाही बंद रखें। सभी राष्ट्रीय राजमार्ग (NH-116B) खुले हैं और सुरक्षित हैं।
आवश्यक सूचना: पूर्व मेदिनीपुर में सभी नागरिक सतर्क रहें और प्रशासन के निर्देशों का पालन करें।","সতর্ক নজরদারি — পূর্ব মেদিনীপুর: দিঘা ও হলদিয়া উপকূলবর্তী অঞ্চল
দিঘা সমুদ্র সৈকতে পর্যটক প্রবেশ নিষিদ্ধ। প্রধান মহাসড়ক (NH-116B) উন্মুক্ত রয়েছে। মৎস্যজীবীদের গভীর সমুদ্রে যাওয়ায় নিষেধাজ্ঞা অব্যাহত।
জরুরি পরামর্শ: পূর্ব মেদিনীপুর জেলা প্রশাসনের কন্ট্রোল রুমে যোগাযোগ করুন এবং নিরাপদ আশ্রয়ে অবস্থান করুন।"
Patuakhali,MINIMAL,19.8,5,Healthcare & Hospital Inundation,1,Maintain clear staging lanes for inter-district humanitarian relief convoys moving toward Priority 1 zones.,Peripheral peripheral exposure; all arterial transport corridors and healthcare facilities operating under normal conditions.,"MINIMAL IMPACT ADVISORY FOR PATUAKHALI: Cyclone REMAL Peripheral Watch
Storm track passed west of Khepupara. Kuakata sea front remains under elevated swell warning. All hospitals and N8 highway are fully passable.
Lifelines: Peripheral peripheral exposure; all arterial transport corridors and healthcare facilities operating under normal conditions.","पतुआखाली के लिए सामान्य निगरानी सलाह: चक्रवात REMAL
कुआकाटा समुद्र तट पर ऊंची लहरों की चेतावनी है। एन-8 राजमार्ग खुला है और सभी अस्पताल सामान्य रूप से कार्यरत हैं।
आवश्यक सूचना: पतुआखाली में सभी नागरिक सतर्क रहें और प्रशासन के निर्देशों का पालन करें।","সতর্ক নজরদারি — পটুয়াখালী: কুয়াকাটা ও খেপুপাড়া উপকূল
কুয়াকাটা সৈকতে উঁচু ঢেউয়ের কারণে সতর্কতা জারি রয়েছে। এন৮ মহাসড়ক সচল এবং সকল জরুরি সেবা স্বাভাবিক রয়েছে।
জরুরি পরামর্শ: পটুয়াখালী জেলা প্রশাসনের কন্ট্রোল রুমে যোগাযোগ করুন এবং নিরাপদ আশ্রয়ে অবস্থান করুন।"
Barguna,MINIMAL,17.2,5,Healthcare & Hospital Inundation,1,Maintain clear staging lanes for inter-district humanitarian relief convoys moving toward Priority 1 zones.,Peripheral peripheral exposure; all arterial transport corridors and healthcare facilities operating under normal conditions.,"MINIMAL THREAT ADVISORY FOR BARGUNA: Cyclone REMAL Peripheral Squalls
Bishkhali river estuary experiencing moderate swells. Sluice gates operational; all clinical facilities and R880 highway unaffected.
Lifelines: Peripheral peripheral exposure; all arterial transport corridors and healthcare facilities operating under normal conditions.","बरगुना के लिए सामान्य सलाह: चक्रवात REMAL का सीमित असर
विषखाली नदी मुहाने पर मध्यम लहरें देखी जा रही हैं। सभी स्वास्थ्य केंद्र व आर-880 मार्ग सामान्य हैं।
आवश्यक सूचना: बरगुना में सभी नागरिक सतर्क रहें और प्रशासन के निर्देशों का पालन करें।","সাধারণ আবহাওয়া বার্তা — বরগুনা: বিষখালী নদী মোহনা
বিষখালী ও বলেশ্বর নদীতে জোয়ারের পানি বৃদ্ধি পেলেও প্রধান সড়ক (আর৮৮০) ও হাসপাতাল স্বাভাবিক রয়েছে।
জরুরি পরামর্শ: বরগুনা জেলা প্রশাসনের কন্ট্রোল রুমে যোগাযোগ করুন এবং নিরাপদ আশ্রয়ে অবস্থান করুন।"
Kolkata,MINIMAL,14.5,5,Cyclone Shelter Deficit & Inundation,1,Maintain clear staging lanes for inter-district humanitarian relief convoys moving toward Priority 1 zones.,Peripheral peripheral exposure; all arterial transport corridors and healthcare facilities operating under normal conditions.,"METROPOLITAN WEATHER ADVISORY FOR KOLKATA: Cyclone REMAL Gusts & Urban Rain
Moderate squally winds and intermittent heavy showers. Municipal drainage pumps active. Hooghly river ferry services suspended as a precaution. City transport functioning.
Lifelines: Peripheral peripheral exposure; all arterial transport corridors and healthcare facilities operating under normal conditions.","कोलकाता महानगर के लिए मौसम सलाह: तेज हवाएं और बारिश
हुगली नदी पर नौका सेवाएं एहतियातन बंद हैं। नगर निगम के पंप जलभराव रोकने में सक्रिय हैं। सभी मुख्य सड़कें खुली हैं।
आवश्यक सूचना: कोलकाता में सभी नागरिक सतर्क रहें और प्रशासन के निर्देशों का पालन करें।","মহানগর সতর্কবার্তা — কলকাতা: দমকা হাওয়া ও বৃষ্টির সতর্কতা
হুগলি নদীতে ফেরি পরিষেবা সাময়িক স্থগিত। পুরসভার নিকাশি পাম্প সচল রাখা হয়েছে। শহরের প্রধান উড়ালপুল ও রাস্তা সচল।
জরুরি পরামর্শ: কলকাতা জেলা প্রশাসনের কন্ট্রোল রুমে যোগাযোগ করুন এবং নিরাপদ আশ্রয়ে অবস্থান করুন।"
Howrah,MINIMAL,11.8,5,Cyclone Shelter Deficit & Inundation,1,Maintain clear staging lanes for inter-district humanitarian relief convoys moving toward Priority 1 zones.,Peripheral peripheral exposure; all arterial transport corridors and healthcare facilities operating under normal conditions.,"URBAN ADVISORY FOR HOWRAH: Moderate Rain & Riverine Swell Watch
Localized waterlogging in low-lying municipal wards. Howrah railway terminus and NH-16 operating under normal schedules.
Lifelines: Peripheral peripheral exposure; all arterial transport corridors and healthcare facilities operating under normal conditions.","हावड़ा के लिए शहरी मौसम सलाह: हल्की से मध्यम बारिश
हावड़ा स्टेशन और एनएच-16 सामान्य रूप से चालू हैं। गंगा नदी किनारे सतर्कता बरती जा रही है।
आवश्यक सूचना: हावड़ा में सभी नागरिक सतर्क रहें और प्रशासन के निर्देशों का पालन करें।","শহরাঞ্চল পরামর্শ — হাওড়া: নদী তীরবর্তী এলাকায় নজরদারি
হাওড়া স্টেশন ও ১৬ নং জাতীয় সড়কে যান চলাচল স্বাভাবিক। গঙ্গার পাড়ে সাধারণ মানুষকে সতর্ক থাকার অনুরোধ।
জরুরি পরামর্শ: হাওড়া জেলা প্রশাসনের কন্ট্রোল রুমে যোগাযোগ করুন এবং নিরাপদ আশ্রয়ে অবস্থান করুন।"
