time,lat,lon,wind_kts,pressure_mb
2024-10-21 06:00:00,15.3,92.1,20,1004.0
2024-10-21 09:00:00,15.2,92.1,20,1003.0
2024-10-21 12:00:00,15.2,92.1,20,1002.0
2024-10-21 15:00:00,15.2,92.1,20,1001.0
2024-10-21 18:00:00,15.2,92.0,20,999.0
2024-10-21 21:00:00,15.1,92.0,20,999.0
2024-10-22 00:00:00,15.2,91.9,20,998.0
2024-10-22 03:00:00,15.2,91.8,23,998.0
2024-10-22 06:00:00,15.3,91.6,25,997.0
2024-10-22 09:00:00,15.3,91.5,25,997.0
2024-10-22 12:00:00,15.4,91.4,30,996.0
2024-10-22 15:00:00,15.5,91.1,28,996.0
2024-10-22 18:00:00,15.6,90.7,30,995.0
2024-10-22 21:00:00,15.8,90.3,33,995.0
2024-10-23 00:00:00,16.1,89.9,35,994.0
2024-10-23 03:00:00,16.4,89.6,38,994.0
2024-10-23 06:00:00,16.7,89.3,40,993.0
2024-10-23 09:00:00,16.9,89.1,45,992.0
2024-10-23 12:00:00,17.3,89.0,50,991.0
2024-10-23 15:00:00,17.6,88.8,53,991.0
2024-10-23 18:00:00,18.0,88.7,55,990.0
2024-10-23 21:00:00,18.3,88.4,58,989.0
2024-10-24 00:00:00,18.7,88.2,60,988.0
2024-10-24 03:00:00,19.0,88.0,63,987.0
2024-10-24 06:00:00,19.3,87.8,65,986.0
2024-10-24 09:00:00,19.5,87.6,65,986.0
2024-10-24 12:00:00,19.8,87.5,65,985.0
2024-10-24 15:00:00,20.1,87.3,63,986.0
2024-10-24 18:00:00,20.5,87.1,60,988.0
2024-10-24 21:00:00,20.7,87.0,58,988.0
2024-10-25 00:00:00,20.9,86.9,55,990.0
2024-10-25 03:00:00,21.1,86.8,53,992.0
2024-10-25 06:00:00,21.2,86.7,50,993.0
2024-10-25 09:00:00,21.3,86.6,45,995.0
2024-10-25 12:00:00,21.3,86.5,40,996.0
2024-10-25 15:00:00,21.3,86.4,35,997.0
2024-10-25 18:00:00,21.3,86.4,30,997.0
2024-10-25 21:00:00,21.2,86.5,25,999.0
2024-10-26 00:00:00,21.2,86.4,20,1000.0
