district_name,state_or_division,country,coastal_geography,total_hospitals,hospitals_surge_flooded,hospitals_core_wind,total_shelters,shelters_surge_flooded,shelters_operational,total_power_substations,power_substations_surge_flooded,power_substations_core_wind,total_arterial_road_km,submerged_road_km,core_wind_road_km,total_exposed_facilities,primary_hazard_driver,composite_exposure_tier
South 24 Parganas,West Bengal,India,Sundarbans Estuary,11,4,6,10,4,6,6,1,2,188.5,20.6,58.1,17,Catastrophic Storm Surge + Arterial Road Submersion,CRITICAL
Satkhira,Khulna,Bangladesh,West Sundarbans Coastal Belt,3,1,3,5,2,3,2,1,2,61.1,19.0,61.1,9,Catastrophic Storm Surge + Arterial Road Submersion,CRITICAL
North 24 Parganas,West Bengal,India,Ichamati - Sundarbans Delta,4,0,4,2,0,2,2,0,2,64.1,0.0,64.1,6,Core Hurricane Gusts + Coastal Flood Risk,HIGH
Khulna,Khulna,Bangladesh,Central Sundarbans Tidal Zone,2,0,1,0,0,0,2,0,1,0.0,0.0,0.0,2,Core Hurricane Gusts + Coastal Flood Risk,HIGH
Bagerhat,Khulna,Bangladesh,Mongla Estuary & East Sundarbans,0,0,0,1,0,1,0,0,0,38.0,0.0,35.1,0,Moderate Gale Gusts + Localized Runoff,MODERATE
Purba Medinipur,West Bengal,India,Digha - Haldia Coastal Strip,5,0,0,4,0,4,3,0,0,120.4,0.0,0.0,0,Peripheral Cyclone Influence,LOW
Kolkata,West Bengal,India,Metropolitan Hinterland,3,0,0,0,0,0,1,0,0,0.0,0.0,0.0,0,Peripheral Cyclone Influence,LOW
Howrah,West Bengal,India,Hooghly Basin Lowland,1,0,0,0,0,0,1,0,0,0.0,0.0,0.0,0,Peripheral Cyclone Influence,LOW
Patuakhali,Barisal,Bangladesh,Khepupara Landfall Coast,2,0,0,2,0,2,1,0,0,63.8,0.0,0.0,0,Peripheral Cyclone Influence,LOW
Barguna,Barisal,Bangladesh,Bishkhali - Baleshwar Estuary,1,0,0,1,0,1,1,0,0,31.3,0.0,0.0,0,Peripheral Cyclone Influence,LOW
